mean_fit_time,mean_score_time,mean_test_score,mean_train_score,param_naiveBayes_classifier__priors,params,rank_test_score,split0_test_score,split0_train_score,split1_test_score,split1_train_score,split2_test_score,split2_train_score,std_fit_time,std_score_time,std_test_score,std_train_score
1.3038479487101238,0.1775519847869873,0.13785811150413943,0.137887746276082,"[0.1111111111111111, 0.1111111111111111, 0.1111111111111111, 0.1111111111111111, 0.1111111111111111, 0.1111111111111111, 0.1111111111111111, 0.1111111111111111, 0.1111111111111111]","{'naiveBayes_classifier__priors': [0.1111111111111111, 0.1111111111111111, 0.1111111111111111, 0.1111111111111111, 0.1111111111111111, 0.1111111111111111, 0.1111111111111111, 0.1111111111111111, 0.1111111111111111]}",3,0.13686958129743032,0.13827059513860487,0.13800951642614812,0.13713517569533104,0.1386952687131924,0.1382574679943101,0.12572261458477263,0.0695259203078717,0.0007529830878672835,0.0005321747455728033
1.4175903797149658,0.19292720158894858,0.3612955077810126,0.36127654166087214,"[0.05, 0.05, 0.05, 0.05, 0.6, 0.05, 0.05, 0.05, 0.05]","{'naiveBayes_classifier__priors': [0.05, 0.05, 0.05, 0.05, 0.6, 0.05, 0.05, 0.05, 0.05]}",1,0.3604028420850492,0.3613791141378759,0.36160996877644935,0.3612165136896909,0.3618737375174258,0.3612339971550498,0.3519754334428493,0.06462231151016694,0.0006403370226642804,7.288005062770357e-05
1.3077637354532878,0.16736348470052084,0.04376049085339832,0.0437498158229457,"[0.1111111111111111, 0.05555555555555555, 0.05555555555555555, 0.05555555555555555, 0.05555555555555555, 0.1111111111111111, 0.1111111111111111, 0.3333333333333333, 0.1111111111111111]","{'naiveBayes_classifier__priors': [0.1111111111111111, 0.05555555555555555, 0.05555555555555555, 0.05555555555555555, 0.05555555555555555, 0.1111111111111111, 0.1111111111111111, 0.3333333333333333, 0.1111111111111111]}",4,0.04302956593480843,0.04263589324134497,0.0439690182718227,0.04381625693019484,0.04428290989786338,0.0447972972972973,0.06579681277604313,0.06197113819130586,0.000532497377728345,0.00088363932643025
0.9028250376383463,0.10562396049499512,0.34937031171466776,0.3495374570563608,,{'naiveBayes_classifier__priors': None},2,0.34847547314741717,0.34998488593324917,0.3490494242491056,0.34961610543497973,0.35058607641753675,0.3490113798008535,0.07076668649858989,0.016149803486172478,0.0008910245298780836,0.0004013043093443596
