mean_fit_time,mean_score_time,mean_test_score,mean_train_score,param_naiveBayes_classifier__priors,params,rank_test_score,split0_test_score,split0_train_score,split1_test_score,split1_train_score,split2_test_score,split2_train_score,std_fit_time,std_score_time,std_test_score,std_train_score
0.8309028148651123,0.1434051195780436,0.1702315376444571,0.17037664040884634,"[0.125, 0.125, 0.125, 0.125, 0.125, 0.125, 0.125, 0.125]","{'naiveBayes_classifier__priors': [0.125, 0.125, 0.125, 0.125, 0.125, 0.125, 0.125, 0.125]}",3,0.16974002681572029,0.16962404443902693,0.17097060667270322,0.1702450916372818,0.1699839793821614,0.1712607851502303,0.18949705257389526,0.05526815821613508,0.0005320081507423743,0.0006746400760913111
0.8872446219126383,0.1427189509073893,0.2522941903728168,0.2525611979411781,"[0.0625, 0.125, 0.125, 0.125, 0.25, 0.0625, 0.125, 0.125]","{'naiveBayes_classifier__priors': [0.0625, 0.125, 0.125, 0.125, 0.25, 0.0625, 0.125, 0.125]}",2,0.25103170871859165,0.25270778553642015,0.2508010029950547,0.2532062165338906,0.25504997736217044,0.25176959175322355,0.07147439281744679,0.038726046484270596,0.0019508681782332627,0.0005955885785874804
0.7113220691680908,0.11732864379882812,0.2553444042650755,0.255353113645756,,{'naiveBayes_classifier__priors': None},1,0.2542966097267931,0.2546537343061626,0.2551368670335028,0.25688041443559273,0.2565997980009055,0.2545251921955127,0.01719486011538875,0.03411943100939297,0.0009516544418051308,0.0010812389638834071
